{
  "data": {
    "angleX": -90,
    "angleY": -56,
    "angleZ": 0,
    "fov": 1250,
    "viewer_distance": 3000,
    "spine_width": 300,
    "spine_length": 1500,
    "box_width": 1000,
    "box_length": 1500
  },
  "Spine": [
    [
      62.00359192493244,
      90.89324310885877
    ],
    [
      181.59307732728723,
      27.74830693319086
    ],
    [
      181.59307732728735,
      1472.2516930668091
    ],
    [
      62.00359192493255,
      1409.1067568911412
    ]
  ],
  "Frontbox": [
    [
      181.59307732728723,
      27.74830693319086
    ],
    [
      894.8967375914328,
      155.750587853742
    ],
    [
      894.896737591433,
      1344.249412146258
    ],
    [
      181.59307732728735,
      1472.2516930668091
    ]
  ],
  "Flyer": [
    [
      215.97485840814795,
      138.9434578022889
    ],
    [
      871.2536416959471,
      239.28668698823833
    ],
    [
      871.2536416959472,
      1316.572581622423
    ],
    [
      215.97485840814807,
      1427.8908515005858
    ]
  ],
  "Clearlogo": [
    [
      76.72642068014738,
      936.7265731160364
    ],
    [
      164.34057625487276,
      949.6797961197688
    ],
    [
      164.34057625487281,
      1425.1078821192182
    ],
    [
      76.72642068014744,
      1381.313651963742
    ]
  ],
  "Clearlogo_MAME": [
    [
      76.72642068014733,
      118.68634803625798
    ],
    [
      164.3405762548727,
      74.89211788078194
    ],
    [
      164.34057625487276,
      550.3202038802312
    ],
    [
      76.72642068014738,
      563.2734268839637
    ]
  ],
  "Front_Title": [
    [
      215.97485840814795,
      72.10914849941423
    ],
    [
      871.2536416959471,
      183.42741837757694
    ],
    [
      871.2536416959471,
      231.3067914724296
    ],
    [
      215.97485840814795,
      129.3956993304497
    ]
  ]
}