{
  "data": {
    "angleX": -90,
    "angleY": -60,
    "angleZ": 0,
    "fov": 1250,
    "viewer_distance": 3000,
    "spine_width": 300,
    "spine_length": 1500,
    "box_width": 1000,
    "box_length": 1500
  },
  "Spine": [
    [
      59.00202289040726,
      98.9365883958418
    ],
    [
      158.39736787508377,
      34.37741806485565
    ],
    [
      158.3973678750839,
      1465.6225819351444
    ],
    [
      59.002022890407375,
      1401.0634116041583
    ]
  ],
  "Frontbox": [
    [
      158.39736787508377,
      34.37741806485565
    ],
    [
      907.0489105534967,
      149.05698857920947
    ],
    [
      907.0489105534969,
      1350.9430114207905
    ],
    [
      158.3973678750839,
      1465.6225819351444
    ]
  ],
  "Flyer": [
    [
      193.7879697004787,
      143.96147519002807
    ],
    [
      881.7395145306136,
      233.88698213490602
    ],
    [
      881.7395145306136,
      1322.5628791940885
    ],
    [
      193.7879697004788,
      1422.3239884610625
    ]
  ],
  "Clearlogo": [
    [
      71.20595077375259,
      934.5172266794797
    ],
    [
      144.0206010813945,
      947.7596874356403
    ],
    [
      144.02060108139455,
      1418.6160860919267
    ],
    [
      71.20595077375259,
      1373.843956868717
    ]
  ],
  "Clearlogo_MAME": [
    [
      71.20595077375253,
      126.15604313128301
    ],
    [
      144.02060108139443,
      81.38391390807328
    ],
    [
      144.0206010813945,
      552.2403125643598
    ],
    [
      71.20595077375259,
      565.4827733205203
    ]
  ],
  "Front_Title": [
    [
      193.7879697004787,
      77.67601153893736
    ],
    [
      881.7395145306136,
      177.43712080591138
    ],
    [
      881.7395145306136,
      225.82271623076394
    ],
    [
      193.7879697004787,
      134.49212323987217
    ]
  ]
}